,,COMMENT_ID,AUTHOR,DATE,CONTENT,CLASS
Psy,0,LZQPQhLyRh80UYxNuaDWhIGQYNQ96IuCg-AYWqNPjpU,Julius NM,2013-11-07T06:20:48,"Huh, anyway check out this you[tube] channel: kobyoshi02",1
Psy,1,LZQPQhLyRh_C2cTtd9MvFRJedxydaVW-2sNg5Diuo4A,adam riyati,2013-11-07T12:37:15,"Hey guys check out my new channel and our first vid THIS IS US THE  MONKEYS!!! I'm the monkey in the white shirt,please leave a like comment  and please subscribe!!!!",1
Psy,2,LZQPQhLyRh9MSZYnf8djyk0gEF9BHDPYrrK-qCczIY8,Evgeny Murashkin,2013-11-08T17:34:21,just for test I have to say murdev.com,1
Psy,3,z13jhp0bxqncu512g22wvzkasxmvvzjaz04,ElNino Melendez,2013-11-09T08:28:43,me shaking my sexy ass on my channel enjoy ^_^ Ôªø,1
Psy,4,z13fwbwp1oujthgqj04chlngpvzmtt3r3dw,GsMega,2013-11-10T16:05:38,watch?v=vtaRGgvGtWQ   Check this out .Ôªø,1
Psy,5,LZQPQhLyRh9-wNRtlZDM90f1k0BrdVdJyN_YsaSwfxc,Jason Haddad,2013-11-26T02:55:11,"Hey, check out my new website!! This site is about kids stuff. kidsmediausa  . com",1
Psy,6,z13lfzdo5vmdi1cm123te5uz2mqig1brz04,ferleck ferles,2013-11-27T21:39:24,Subscribe to my channel Ôªø,1
Psy,7,z122wfnzgt30fhubn04cdn3xfx2mxzngsl40k,Bob Kanowski,2013-11-28T12:33:27,i turned it on mute as soon is i came on i just wanted to check the  views...Ôªø,0
Psy,8,z13ttt1jcraqexk2o234ghbgzxymz1zzi04,Cony,2013-11-28T16:01:47,You should check my channel for Funny VIDEOS!!Ôªø,1
Psy,9,z12avveb4xqiirsix04chxviiljryduwxg0,BeBe Burkey,2013-11-28T16:30:13,and u should.d check my channel and tell me what I should do next!Ôªø,1
Psy,10,z13auhww3oufjn1qo04ci3grqqjmfjexxuo0k,Huckyduck,2013-11-28T17:06:17,Hey subscribe to meÔªø,1
Psy,11,z13xit5agm2zyh4f523rst2gowmbx5bml,Lone Twistt,2013-11-28T17:34:55, Once you have started reading do not stop. If you do not subscribe to me  within one day you and you're entire family will die so if you want to stay  alive subscribe right now.Ôªø,1
Psy,12,z13pejoiuozwxtdu323dspopnri4xts0f,Archie Lewis,2013-11-28T17:54:39,https://twitter.com/GBphotographyGBÔªø,1
Psy,13,z121zxaxsq25z5k5o04ch1o5jqqfij3gtm40k,TheUploadaddict,2013-11-28T18:12:12,subscribe like commentÔªø,1
Psy,14,z12oglnpoq3gjh4om04cfdlbgp2uepyytpw0k,Francisco Nora,2013-11-28T19:52:35,please like :D https://premium.easypromosapp.com/voteme/19924/616375350Ôªø,1
Psy,15,z13phrmwrkfisn5er22eyrbpbvaiwfvwf04,Gaming and Stuff PRO,2013-11-28T21:14:13,"Hello! Do you like gaming, art videos, scientific experiments, tutorials,  lyrics videos, and much, much more of that? If you do please check out our  channel and subscribe to it, we've just started, but soon we hope we will  be able to cover all of our expectations... You can also check out what  we've got so far!Ôªø",1
Psy,16,z13bgdvyluihfv11i22rgxwhuvabzz1os04,Zielimeek21,2013-11-28T21:49:00,I'm only checking the viewsÔªø,0
Psy,17,z13vxpnoxsyeuv2jr04cctprprb1slnxdf4,OutrightIgnite,2013-11-28T21:55:02,http://www.ebay.com/itm/171183229277?ssPageName=STRK:MESELX:IT&amp;_trksid=p3984.m1555.l2649 Ôªø,1
Psy,18,z12qth5j0ob1fx3q404chvy4fz32tbkpllk0k,Tony K Frazier,2013-11-28T23:57:13,http://ubuntuone.com/40beUutVu2ZKxK4uTgPZ8KÔªø,1
Psy,19,z13etj0bclzfztuwc04cgfvrgmf3fvjor1g,Jose Renteria,2013-11-29T00:22:01,"We are an EDM apparel company dedicated to bringing you music inspired  designs. Our clothing is perfect for any rave or music festival. We have  NEON crop tops, tank tops, t-shirts, v-necks and accessories! follow us on  Facebook or on instagraml for free giveaways news and more!! visit our site  at OnCueApparelÔªø",1
Psy,20,z12axnji5w2axxht522thb3bktvqjdlbp04,zhichao wang,2013-11-29T02:13:56,i think about 100 millions of the views come from people who only wanted to  check the viewsÔªø,0
Psy,21,z13ozdmr4lf3uzc5z04cix2zkyjzgvcyemw0k,Carlos Thegamer,2013-12-01T01:20:21,subscribe to my channel people :DÔªø,1
Psy,22,z12ohdxjtsatvppjb04cctprprb1slnxdf4,OutrightIgnite,2013-12-01T03:30:55,Show your AUBURN PRIDE HERE: http://www.teespring.com/tigermeathoodieÔªø,1
Psy,23,z12ntlcqht2bvjewi04cf1up0xjvs5lq3mc0k,Owen Lai,2013-12-01T04:51:52,just checking the viewsÔªø,0
Psy,24,LZQPQhLyRh9EXArr4ZnVcDonSbvSMHKYOT24e_qR6fE,||GuitarZ||,2013-12-23T12:54:38,CHECK OUT MY CHANNEL,1
Psy,25,LZQPQhLyRh9y57URF7qpZRk3MVAJNLNhhZga_5YWBU8,Living4Techno,2013-12-25T19:46:26,marketglory . com/strategygame/andrijamatf earn real money from game,1
Psy,26,LZQPQhLyRh9vw01Xvvw5yWzZEUOPG1hSgRMHep55-Yw,8-BitMusic,2013-12-27T23:07:50,Hey guys! Im a 12 yr old music producer. I make chiptunes and 8bit music.  It would be wonderful if you checked out some of my 8bit remixes! I even  have a gangnamstyle 8bit remix if you would like to check that out ;)  Thanks!!,1
Psy,27,z13kszcinpnvc34v2234fnpxkpmlw3nhc04,Kyle Jaber,2014-01-19T00:21:29,Check me out! I'm kyle. I rap so yeah Ôªø,1
Psy,28,z13tj514otzlurfbc04ccjwhrnmej1iihqw0k,Brandon Pryor,2014-01-19T00:36:25,I dont even watch it anymore i just come here to check on 2 Billion or notÔªø,0
Psy,29,z13zvh1rmk3cf3mby04civbq5mjtddmbysk0k,Fun&amp;Hacks,2014-01-19T00:42:35,"Subscribe to me for free Android games, apps.. Ôªø",1
Psy,30,z120y3ribybzdf3fj23sf1rpgq3cex0sh,Young Hittaz,2014-01-19T04:21:11,everyone please come check our newest song in memories of Martin Luther  King Jr.Ôªø,1
Psy,31,z13autsqgzblcx3w104chr4r2kexd10rxc0,DropShotSk8r,2014-01-19T04:27:18,"Came here to check the views, goodbye.Ôªø",0
Psy,32,z12wvpxppxz3ifk3j224cbsgqraherzrg04,ElepticRage,2014-01-19T08:55:53,sub my channel for no reason -_-Ôªø,1
Psy,33,z121e3zq5kj3ip2ch22ks3vwekuaibrgc04,Joengz,2014-01-19T10:31:10,"Check out my dubstep song ""Fireball"", made with Fruity Loops. I really took  time in it.  /watch?v=telOA6RIO8oÔªø",1
Psy,34,z13kxpqqssa0hlryd04cc1dxeyyngljjngk,Tasha Lucius,2014-01-19T13:25:56,2 billion....Coming soonÔªø,0
Psy,35,z13iuzxwamqhzppyp04cdz1amyzpfdnpdns0k,Jason Provencal,2014-01-19T16:15:54,Why dafuq is a Korean song so big in the USA. Does that mean we support  Koreans? Last time I checked they wanted to bomb us. Ôªø,0
Psy,36,z12txle43yfhvt0f323eghbxivmuytieq,Kiddy Kidso,2014-01-19T16:49:52,Check my channel please! And listen to the best music ever :PÔªø,1
Psy,37,z13zj1grjzqhhxzlj23gdpzaovunwnn0f,HamzaMurt | Advanced Warefare | Lets Play!,2014-01-19T17:20:58,SUB 4 SUB PLEASE LIKE THIS COMMENT I WANT A SUCCESFULL YOUTUBE SO PPLEASE LIKE THIS  COMMENT AND SUBSCRIBE IT ONLY TAKES 10 SECONDS PLEASE IF YOU SUBSCRIBE ILL  SUBSCRIBE BACK THANKSÔªø,1
Psy,38,z13csdop4venytrru04cf11q1wmbdvkrfpo0k,ii Trollercopter,2014-01-19T17:25:23," Hey everyone!! I have just started my first YT channel i would be grateful  if some of you peoples could check out my first clip in BF4! and give me  some advice on how my video was and how i could improve it. ALSO be sure to  go check out the about to see what Im all about. Thanks for your time :) .  and to haters... You Hate, I WINÔªø",1
Psy,39,z13ce52jzwfitrkup23din4ojputijen3,Eugene Kalinin,2014-01-19T19:21:04,"The projects After Effects, Music, Foto, Web sites and another you can find  and buy here  http://audiojungle.net/user/EugeneKalinin/portfolio?ref=EugeneKalininÔªø",1
Psy,40,z13phfyxhovav1hl122bf5iidumufzbel,Cody Tolleson,2014-01-20T02:50:44,YouTube/codytolleson for awesome videos I'll subscribe back Ôªø,1
Psy,41,z13xytyybsypw34yv04cc33xkke1grugh2w,cake cat,2014-01-20T04:45:34,if you like roblox minecraft world of warcraft gta5 mario suscribe to my  channelÔªø,1
Psy,42,z13vsbcjwrybe3hsf23sgvnxfr3zxnion04,World327RS,2014-01-20T06:16:28,SUBSCRIBE TO ME AND I'LL SUBSCRIBE TO YOU! (Must like - cZFcxsn0jnQ) Ôªø,1
Psy,43,z12jvnua2tifirkvk23cfjtpxwmgxfch004,Didier Drogba,2014-01-20T06:57:25,http://www.twitch.tv/jaroadc come follow and watch my stream!Ôªø,1
Psy,44,z13stv3brxe1snv2i225fnvganneudej004,MFkin PRXPHETZ,2014-01-20T09:08:39,"if you like raw talent, raw lyrics, straight real hip hop Everyone check my newest sound  Dizzy X - Got the Juice (Prod by. Drugs the Model Citizen)   COMMENT TELL ME WHAT YOU THINK  DONT BE LAZY!!!!  - 1/7 ProphetzÔªø",1
Psy,45,z12ktfsarrv0wdj3p22ifbxz3zn2fthhw04,Dave X,2014-01-20T10:12:07,....subscribe......  ......to my........  .....channel.......Ôªø,1
Psy,46,z121znjjloycwtjf2233dfo5esfggn3lj,crestpee,2014-01-20T13:03:12,"now its 1,884,034,783 views! pls. comment the view count the next hour :PÔªø",0
Psy,47,z125zbmwryjwxzx4504cfjzwbtztuvkif3c,Leonardo Baptista,2014-01-20T15:10:27,http://www.avaaz.org/po/petition/Youtube_Corporation_Fox_Broadcasting_Company_Anular_os_strikes_no_Canal_Nostalgia/?cXPZpgb Ôªø,1
Psy,48,z12stpyqaonsercxw04cjbr4dlnrxd34soo0k,Phuc Ly,2014-01-20T15:27:47,go here to check the views :3Ôªø,0
Psy,49,z13nvr2xayrwffsio04cj3zwyuf3vb1imdg,Milan George,2014-01-20T16:15:09,thumbs up if u checked this video to see hw views it gotÔªø,0
Psy,50,z13uzhdomzvbffvwa04cgplq2zewfz2hm2k,Kirsty Brown,2014-01-20T16:41:27,Plz subscribe to my channel and I will subscribe back xxÔªø,1
Psy,51,z13ucxa51rnftvu2j22if5oihq2qipjlp,Kochos,2014-01-20T17:08:37,i check back often to help reach 2x10^9 views and I avoid watching BabyÔªø,0
Psy,52,z120grixiomvyvbga04cfl24csz5jf4zzuc0k,eSkiip,2014-01-20T17:22:53,This video will get to 2 billion just because of people checking if it has  hit 2 billion yet.Ôªø,0
Psy,53,z13gevgohyzktbztz22mcrcpntfxvpvan04,Wumrogue lite,2014-01-20T17:29:52,https://www.facebook.com/pages/Brew-Crew-2014/134470083389909 Like this  facebook-page! Chance to win an Iphone 5S!Ôªø,1
Psy,54,z12gy5tb2kase1nix04cipry3mf1wh5grko0k,Ruddy Tapia,2014-01-20T17:58:46,get GWAR to play 2015 superbowl  http://www.change.org/petitions/the-national-football-league-allow-gwar-to-perform-the-2015-super-bowl-halftime-show#share Ôªø,1
Psy,55,z13hxl3yoqmlvdlnu23atlqgsoyevlsse,Artsi,2014-01-20T18:52:12,Pls follow this channel!! http://www.twitch.tv/sevadusÔªø,1
Psy,56,z12gv5qoconqsbe0h221wljgmwe4v1nmu,ProsGamerOnly,2014-01-20T20:00:55,hi guys check my youtube channelÔªø,1
Psy,57,z13eepr4dyjet34pt04cgr1rctvwsvqwqso0k,JP Jochem,2014-01-20T20:23:35,Subscribe and like to me for more how to videos on minecraft!Ôªø,1
Psy,58,z121st5w5k3ui1veg22zirn4gkr5tby2v,Jdidk Loma,2014-01-20T20:35:56,http://tankionline.com#friend=cd92db3f4 great game check it out!Ôªø,1
Psy,59,z13osnp4hnzry1o15224yfzbotr0epxqk04,BaconBro HD,2014-01-20T21:11:52,Subscribe ME!Ôªø,1
Psy,60,z12rgllzmwnfuba4h04ch3njgy2fg3ryerg0k,Eanna Cusack,2014-01-20T22:20:59,Im just to check how much views it hasÔªø,0
Psy,61,z12rc1ebfvrmufz5w04ccl2pmt3ih5dymq40k,fastestghost,2014-01-21T02:09:22,The first comment is chuck norrus ovbiously :DÔªø,0
Psy,62,z13mcpkzpoz1hj3o304cfd3oouf2tj1rnk40k,StuntmanGaming,2014-01-21T02:29:43,Behold the most viewed youtube video in the history of everÔªø,0
Psy,63,z121cnnzhsybzjkt122nsviacsekvvt1r,Master Chief,2014-01-21T03:16:46,when is this gonna hit 2 billion?Ôªø,0
Psy,64,z125gx4g5wemgtyvr23ryvlrbxjvwl2mi,David Bell,2014-01-21T03:18:31,the most viewed youtube video of all time?Ôªø,0
Psy,65,z12lzbu4iymmvjgj004cdjaonunljbjwwo00k,virgie natividad,2014-01-21T07:33:30,"969,210 dislikes like dislike themselvesÔªø",0
Psy,66,z13kvvkixzvadn5ii04chnnbsvn3w1pq5dk,asd ad,2014-01-21T08:22:06,psy=koreanÔªø,0
Psy,67,z13zz3cjwmztcni0p23ug3vb0pasfvzqc04,Dymetex,2014-01-21T09:03:36,"OMG this oldspice spraytan party commercial omg....i'm sitting here ""NO  this isn't a real thing is it? OMG"" Ôªø",0
Psy,68,z12ifxrbkmaechwtt22jwryqmoaefhipf04,MrTuizentfloot,2014-01-21T13:39:13,"This is the only video on youtube that get so much views just because we  want to see how much views it has. 1.000.000 every day, I mean, Most people  think a video is popular when it actually gets 1.000.000 views.Ôªø",0
Psy,69,LZQPQhLyRh_hbykd_Xw4oDROJbJTFrs-UbSB2xk8gRk,OREOGAM3R,2014-01-25T19:36:25,It's been back for quite a while now.,0
Psy,70,LZQPQhLyRh9U7Lv_DKpJ7lawpBCotxfgHzBy93Tk028,LEONARDO CAETANO,2014-01-27T19:36:00,2 Billions in 2014,0
Psy,71,z12eexphzo2uslizg04cirmywyzjdnm5gqc0k,fab life,2014-11-02T00:48:57,plz check out fablife / welcome to fablife for diys and challenges so plz  subscribe thx!Ôªø,1
Psy,72,z124fn5ahqnfdbxtg23ihlijyqjqtr1lk,Oh 1080s,2014-11-02T01:08:10,Sub my channel!Ôªø,1
Psy,73,z12lubwrvv35zpzub23ywxbbiuawjbalc,Ariel Baptista,2014-11-02T05:06:46,http://www.ebay.com/itm/131338190916?ssPageName=STRK:MESELX:IT&amp;_trksid=p3984.m1555.l2649 Ôªø,1
Psy,74,z13osfxhtkfmwpxue234z3wimzmcs1k2x,Stefano Albanese,2014-11-02T12:04:36,http://www.guardalo.org/best-of-funny-cats-gatti-pazzi-e-divertenti-2013-5287/100000415527985/ Ôªø,1
Psy,75,z12tcdxa5k3bsvtqh04ccnaqusj1vvfju3s,Salim Tayara,2014-11-02T14:33:30,"if your like drones, plz subscribe to Kamal Tayara. He takes videos with  his drone that are absolutely beautiful.Ôªø",1
Psy,76,z13gsp34uumcdje4q04civk54zr4wr0gxjc,Lucky D.,2014-11-02T14:53:06,http://hackfbaccountlive.com/?ref=4604617Ôªø,1
Psy,77,z123e1gg3zyuf30ox04cdtbzgmaby3ehjc0,Lucas Trigo,2014-11-02T15:52:22,"WHATS UP EVERYONE!? :-) I Trying To Showcase My Talent To The World! I Have Over 3000 SUBSCRIBERS! I PROMISE! I Dont Suck! Please Spread My Covers Around, SUBSCRIBE &amp; Share! Thanks so much for all your support! Lucas Trigo -Stay Awesome! Ôªø",1
Psy,78,z13ezz5zsz3pyhyip04cibtpwwbdejzrmlk0k,TheHariiiii,2014-11-02T16:17:11,-----&gt;&gt;&gt;&gt;  https://www.facebook.com/video.php?v=10200253113705769&amp;set=vb.201470069872822&amp;type=3&amp;permPage=1  &lt;--------Ôªø,1
Psy,79,z12ywjvgdtrhxdlz504cd1tquqvuhbs4abw,Angel,2014-11-02T17:27:09,"Hi there~I'm group leader of Angel, a rookie Korean pop group. We have four  members, Chanicka, Julie, Stephanie, and myself, Leah. Please feel free to  check out our channel and leave some feedback on our cover videos (:  criticism is welcome as we know we're not top notch singers so please come  leave some constructive feedback on our videos; we appreciate any chance to  improve before auditioning for a Korean management company. We plan on  auditioning for JYP, BigHit, Jellyfish, YG or SM. Thank you for taking time  out of your day to read this !Ôªø",1
Psy,80,z122f1fy5muwdxdxd04cexyxes3hh5hrifc,Squir3,2014-11-02T18:34:03,http://woobox.com/33gxrf/brt0u5 FREE CS GO!!!!Ôªø,1
Psy,81,z12jud4o3n34v5wph04ce3db0y2njn55gog0k,Kaya Roberts,2014-11-02T20:00:37,Admit it you just came here to check the number of viewers Ôªø,0
Psy,82,z12xxjkwevvjzvvms22xz3sjqovty3qip04,Prim N.,2014-11-02T22:48:21,"Just coming to check if people are still viewing this video. And  apparently, they still do.Ôªø",0
Psy,83,z13ydfww3ruysvtmv23muhspwqqjszwjc04,James Ridge,2014-11-02T23:25:44,Check my first video outÔªø,1
Psy,84,z13vs53zipmszf1ib04cerd5xlmzdz5qlzw0k,Minecraft-Viasat,2014-11-03T14:38:53,Check my channelÔªø,1
Psy,85,z13wzt5yezvhsboz104cjlkqalz0fpcglmk0k,Alessio Siri,2014-11-03T16:43:36,PSY - GANGNAM STYLE (Í∞ïÎÇ®Ïä§ÌÉÄÏùº) M/V: http://youtu.be/9bZkp7q19f0Ôªø,0
Psy,86,z135fnx4ntvdx1rzn04cih1ihmqtsrbzcno0k,Backup Plus,2014-11-03T17:39:07,Suscribe My Channel Please XD lolÔªø,1
Psy,87,z13dztbi0nnvdruas04cjrmjwrnvvd4jxjw,Almighty Toffeebomb,2014-11-03T19:09:40,Wow. Comments section on this still active. Not bad. Also 5277478 comments.  (Now 79)Ôªø,0
Psy,88,z13hgfzhnrj3sx0m222sfbo4drq1e5xyp04,Meth Lover,2014-11-03T20:32:26,http://binbox.io/1FIRo#123Ôªø,1
Psy,89,z12pzpvbfl2igbwhe04cihtpuwymvr5gvsg0k,NstyIC Gold,2014-11-03T20:41:23,Ching Ching ling long ding ring yaaaaaa Ganga sty FUCK YOU.Ôªø,0
Psy,90,z12wvpdwfzzkfrerq04civhigpqrcxmxjzc0k,–ù–∏–∫–∏—Ç–∞ –ë–µ–∑—É—Ö–æ–≤,2014-11-03T21:38:17,https://www.indiegogo.com/projects/cleaning-the-pan--2    please halp me  with my projectÔªø,1
Psy,91,z13tdv5jmlfpzj1rf04cd3ng4ljqjngxflg0k,–ú–∏—Ö–∞–∏–ª –ü–∞–Ω–∫—Ä–∞—Ç–æ–≤,2014-11-03T22:22:14,There is one video on my channel about my brother...Ôªø,1
Psy,92,z12ufn5puwnve3b2k22ntjqogym0fllgb04,Angek95,2014-11-03T22:28:56,"Check my channel, please!Ôªø",1
Psy,93,z13xslra3myri3jsn22hs1wxbyuvxplr004,Arianna Leighton,2014-11-03T23:02:47,"Does anyone here use gift cards like Amazon, itunes, psn, google play,  itunes, or any other gift cards? Then you'll be happy to know you can get  free gift card codes for free from an amazing site. Here is a $50 itunes  gift card code XXBB5TCZHM39HVZDÔªø",1
Psy,94,z132v5iajkjuhfkyn04cg3mxclnnzj0yxmo0k,richardex8,2014-11-03T23:03:03,Why does this video have so many views? Because asian things are awesome and non-asian countries are jelly so they  try to learn from asia by looking at this video d:Ôªø,0
Psy,95,z12mtx5hxnutsxzfn23tsljjrm2mwxtwm04,–û–ª–µ–≥ –ü–∞—Å—å,2014-11-03T23:29:00,Plizz withing my channel Ôªø,1
Psy,96,z121ft552pzpzhiab04cffmwitfii3lr5v40k,Crooked Gaming,2014-11-04T00:00:57,I made a gaming channel (Unique right?) :L Angry Minecraft!Ôªø,1
Psy,97,z135jnejqyylxvxc323tifugxr3idl1oq04,Monwar Sarkar,2014-11-04T00:18:07,Please help me go here http://www.gofundme.com/littlebrotherÔªø,1
Psy,98,z13zfpqpvpyvwfymk232ux4odsr1s5wm0,Jack ToadROXMK,2014-11-04T02:00:14,Anybody who subscribes to me will get 10 subscribersÔªø,1
Psy,99,z13sx1mitrmpcls3f22hi5ep1yq5cvmld,roflcopter2110,2014-11-04T02:22:06,http://thepiratebay.se/torrent/6381501/Timothy_Sykes_CollectionÔªø,1
Psy,100,z13juvrhisuzsfczo04cgnsxhlfdiz2rhho,Imprezzi Vidzz,2014-11-04T03:12:23,"My videos are half way decent, check them out if you want.Ôªø",1
Psy,101,z130gviqarmshdnau04cdzigvs3jepx4qw00k,khir abqari,2014-11-04T07:37:28,"they said this video are not deserve 2billion views , while they keep  visiting it to watch the viewer . Ôªø",0
Psy,102,z12zdj5ptyzpurkan04chtsqjszjxfmrk2w,Gloria Garcia,2014-11-04T11:38:51,subscribe to itz recaps and above diddleÔªø,1
Psy,103,z12li5throi5u540y220chro4nn5gl52k,xSparkShark,2014-11-04T12:40:15,Screw this Chinese crap i dont even understand what he is saying. Why isn't  he speaking English like everyone should?Ôªø,0
Psy,104,z13dsnfaozyyil4m322jijgx5m3aehem2,Emerson Zanol Zanol,2014-11-04T13:48:04,need money?Enjoy https://www.tsu.co/emerson_zanolÔªø,1
Psy,105,z13tczojhrqbjhv2c23kfby5wpysgpopa04,Lars Zaadstra,2014-11-04T13:54:25,Sub to my channel visuelgamingzNL I sub backÔªø,1
Psy,106,z13qgx0yzwf1uj1xm04ccbkhjnrsgz0i41g,firo mota,2014-11-04T14:38:42,please subscribe i am a new youtuber and need help please subscribe and i  will subscribe back :D hoppa HOPPA GaNgAm StYlEÔªø,1
Psy,107,z13qgviizlv1d1c1422lylyahqz2h1zm5,Connor Groom,2014-11-04T18:00:07,sub me if you dont like the songÔªø,1
Psy,108,z13sgnbzkwjqhhd5004cfzaheobvzbuopyg0k,Kaiser Dragon,2014-11-04T18:09:18,This is a weird video.Ôªø,0
Psy,109,z13etzhwwvzye1oav04cehnitxf5cx2xkts0k,Monster Sifou,2014-11-04T18:30:39,8 million likes xD even the subscribers not 8 million xDÔªø,0
Psy,110,z123jlf4lzjbgpbcr23yhxyqbpe3gxpvm,TIGERIO_,2014-11-04T19:46:38,EHI GUYS CAN YOU SUBSCRIBE IN MY CHANNEL? I AM A NEW YOUTUBER AND I PLAY  MINECRAFT THANKS GUYS!... SUBSCRIBE!Ôªø,1
Psy,111,z13kfzqicymszt0jp04ci5gqvqemyb2jsp00k,OFFICIAL LEXIS,2014-11-04T20:22:21,Hi everyone! Do you like music? Then why not check out my music channel.  The LEXIS band will be uploading their own songs and covers soon so don't  miss out. Please SUBSCRIBE too as it does help us out a lot. Just takes one  click. -&gt;Ôªø,1
Psy,112,z12ftpab5svihfffz23kf3iiymiwjzesi,trespasser4000,2014-11-04T22:07:22,This song never gets old love it.Ôªø,0
Psy,113,z13oyfkydl30exyip04cejozdtahgvx44ao,Pat M,2014-11-05T00:21:29,gofundme.com/grwmpsÔªø,1
Psy,114,z13cyzbbqsrxyfaec23xc10rdrrqgd0ch,Malin Linford,2014-11-05T01:13:43,"Hey guys please check out my new Google+ page it has many funny pictures,  FunnyTortsPics  https://plus.google.com/112720997191206369631/postÔªø",1
Psy,115,z13jsrtahyyqv53jc04cdr4bcwfwg3lauek,kenny clayton,2014-11-05T06:34:19,#2012bitchesÔªø,0
Psy,116,z135f3rwwnjafnnrv04cirmifl3lipewgl40k,Akymonix,2014-11-05T07:01:34,Made in china....Ôªø,0
Psy,117,z13lip25arigch3rj04cf1ko0pnczzyrtng0k,Gaming Land,2014-11-05T07:48:10,5 milions comentars and 2 bilion viewsÔªø,0
Psy,118,z13mzp44ul21sdqcj22sgriokxyuy5det,tom hawksbee,2014-11-05T07:49:21,It is 0 zeroÔªø,0
Psy,119,z12rsjsiimjkjfkwt04ccbgosvrbgxupxu00k,Norman Reid,2014-11-05T08:12:06,Mix - PSY - GANGNAM STYLE (Í∞ïÎÇ®Ïä§ÌÉÄÏùº) M/V: PSY - GANGNAM STYLE (Í∞ïÎÇ®Ïä§ÌÉÄÏùº) M/VÔªø,0
Psy,120,z13wfr2rbwytwbhf123cs1l5lz2aefdex,Emily Hamilton,2014-11-05T08:42:06,This has had over 2 billion views.  Holy shit.Ôªø,0
Psy,121,z13vx3kbgmq5fnlgj04cfdoqtpfyw5xqzuc0k,rolle54100,2014-11-05T10:43:27,"how can there be 2.124.821.694 views, when im the only person alive after  the zombie apocalypse - greetings, spoderman :)Ôªø",0
Psy,122,z135vx5jfu2mfvwvr22cj11wupbtfr1gz04,MrBrunoExtreme,2014-11-05T15:10:43,Suscribe my channel pleaseÔªø,1
Psy,123,z13pdjsgqkjjtnlqz04cgtxafxqtylmixxg0k,xMasterGGx,2014-11-05T15:25:34,"2,124923004 wiews... wowÔªø",0
Psy,124,z12jc1uququpzbsoq04cg15poyfsxpvoojw,pro stomper,2014-11-05T15:27:34,guys please subscribe me to help my channel grow please guysÔªø,1
Psy,125,z124i3ygclj0xn4ly22jzb5a2ubvtbev1,Abdinasir Omar,2014-11-05T15:28:28,Great music anywayÔªø,0
Psy,126,z12kuncrps35wp1l0220s3t4ym32dtpin04,Aleksaivan Neidert,2014-11-05T15:35:49,PSY - GANGNAM STYLE (Í∞ïÎÇ®Ïä§ÌÉÄÏùº) M/V: http://youtu.be/9bZkp7q19f0Ôªø,0
Psy,127,z123gnabnwbqtr1e022jejij0zzzez2os04,Luat ha hpuoc,2014-11-05T15:38:10,"so crazy, over 2 billion views, not US, not Uk, its Korea republic, its  asiaÔªø",0
Psy,128,z121jvbjakmbehsys04ce5yj1y3hxx0hzsk0k,abdellah chafouai,2014-11-05T16:12:51,Discover a beautiful song of A young Moroccan     http://www.linkbucks.com/AcN2gÔªø,1
Psy,129,z13xhp2xmkeowtbyo04cffggylf3yjjpsns0k,Brotha B,2014-11-05T16:18:58,"Like getting Gift cards..but hate spending the cash.... Try Juno Wallet !!! At Juno Wallet you can earn money for gift cards such as ; Nike, Gamestop,  Amazon , Ebay Etc &amp; its easy  Earn money by doing simple task like watching videos..downloading apps &amp;  you can even earn money by inviting your friends to join...its free for  signup Sign up today &amp; use promo code BD3721315Ôªø",1
Psy,130,z12dzlpo0ueie1go404cfjjwsxf1g1lrtdo,Amir effect,2014-11-05T17:18:14,Can somebody wake me up when we get to 3 billion views.Ôªø,0
Psy,131,z12jxvuzgxusjl1jw04ccxshdwyfx1pjzfk,lakis constantinou,2014-11-05T18:02:31,PSY GOT LOTS  OF MONEY FROM YOUTUBE THAT HE GOT FROM 2 BILLION VIEWS THIS  IS THE MOST VIEWS IN THE WORLD :DÔªø,0
Psy,132,z13dgdl4hyirg3gcd23pw3nw0zrsebpqb04,just a filthy kafir,2014-11-05T18:05:17,Justin bieber = gay Ôªø,0
Psy,133,z13gypjrmumhxromj23jyjhhenvdgpuxh04,HarveyIsTheBoss,2014-11-05T18:16:55,You gotta say its funny. well not 2 billion worth funny but still. It  clicked and everything went uphill. At least you don't have JB's shit on  #1.Ôªø,0
Psy,134,z12wilyi3mzzjlzkw225hrzrxvb4tjgln,M7AMDksa,2014-11-05T19:51:38,‚ù§Ô∏è ‚ù§Ô∏è ‚ù§Ô∏è ‚ù§Ô∏è ‚ù§Ô∏è‚ù§Ô∏è‚ù§Ô∏è‚ù§Ô∏èÔªø,0
Psy,135,z12uw5z5roiqel3ds22iifbhbmnijn1qz04,Noah Fran√ßois,2014-11-05T20:15:09,"Ahhh, 2 years ago....Ôªø",0
Psy,136,z12wsx5amr3ahbgl122mc5qr5v23vnist,Neely Nesley,2014-11-05T20:19:26,"Dance dance,,,,,Psy  http://www.reverbnation.com/msmarilynmilesÔªø",1
Psy,137,z122f10gdvathpo2222pshcxxpjliddjv04,BmwManDexter,2014-11-05T20:33:15,"check out ""starlitnightsky"" channel to see epic videosÔªø",1
Psy,138,z13ghjrh5vqbetiw104chhdrlsv0szfqbxk0k,KodysMan Dunt Know,2014-11-05T21:10:09,https://www.tsu.co/KodysMan plz ^^Ôªø,1
Psy,139,z13nwn54ukukyhdfb223vttqnu31hvf4k04,nachopinca3901,2014-11-05T21:14:36,Stupid people... this video doesnt have 2 billion visits. Have 2 thousands  millionsÔªø,0
Psy,140,z12kcx2ahwmpupnw004cdt3rwqfes3xgbns0k,Mehmet Demirel,2014-11-05T21:25:27,http://www.gcmforex.com/partners/aw.aspx?Task=JoinT2&amp;AffiliateID=9107Ôªø,1
Psy,141,z12udxjwpwurtlwz304ccbrhdtusth4herk0k,PacKmaN,2014-11-05T21:56:39,check men out i put allot of effort into my music but unfortunatly not many  watch itÔªø,1
Psy,142,z13ky1cgzpjpvdpp004chhebvqnkhnpjmzo0k,Alessandro leite,2014-11-05T22:21:36,pls http://www10.vakinha.com.br/VaquinhaE.aspx?e=313327 help me get vip gun  cross fire alÔªø,1
Psy,143,z121cngqep23db2o404cjf4zvsf2cjerdaw,TLouX music,2014-11-05T22:41:42,Add me here...https://www.facebook.com/TLouXmusicÔªø,1
Psy,144,z13osluqrpefv1hd323idhejzxanc3ai004,Tyrek Sings,2014-11-05T22:50:02,CHECK MY CHANNEL OUT PLEASE. I DO SINGING COVERSÔªø,1
Psy,145,z12ehhxzutqbsjrpq04ccjlqhrv5y3dzkn40k,NursePoison,2014-11-06T01:12:14,I think this is now a place to promote channels in the comment section lol.Ôªø,0
Psy,146,z12bv5zxvpryjjspn04cdfwz5lrtzjhooqw0k,Peter Johnson,2014-11-06T01:44:12,Get free gift cards and pay pal money!Ôªø,1
Psy,147,z12zstfhixudundzf04cjbsp0rjrzh1rw3k,MiningBip3,2014-11-06T02:22:00,Check out pivot animations in my channelÔªø,1
Psy,148,z13zxdkalk3ryvxr004cj1vabkn2dvcyusg0k,Ju`Wan Wright,2014-11-06T02:39:07,Follow me on twitter &amp; IG : __killuminati94Ôªø,1
Psy,149,z12zjztrvlnafvk2n230wjmztyfxxpbk2,CronicleFPS,2014-11-06T03:10:26,Check me out I'm all about gaming Ôªø,1
Psy,150,z12mzferzsanzhld022fhhdarrusivwkq,marye,2014-11-06T04:42:33,Oppa! Yeah! Best Song!Ôªø,0
Psy,151,z13cydjppmiostv1l22dtzd5xnbjebax004,Giang Nguyen,2014-11-06T04:54:22,More... http://www.sunfrogshirts.com/Sunglass-World.html?24398Ôªø,1
Psy,152,z13hubqrnwquen2gu04cdbbx4rqgxxcwvo00k,Giang Nguyen,2014-11-06T04:55:41,https://www.facebook.com/teeLaLaLaÔªø,1
Psy,153,z13xsxxqlxnzz3d3g22wfjx5lsrjgpaic04,MasterRobotTV,2014-11-06T05:40:43,http://www.twitch.tv/zxlightsoutxzÔªø,1
Psy,154,z13zjbvbeszjcvdsx22ww5cgcrydzlf5u04,ROB YSF,2014-11-06T09:15:12,reminds me of this song https://soundcloud.com/popaegis/wrenn-almond-eyesÔªø,1
Psy,155,z12yinh5ks2oinqzn04cctkgvvrohbrazvo0k,Rancy Gaming,2014-11-06T09:41:07,What free gift cards? Go here  http://www.swagbucks.com/p/register?rb=13017194Ôªø,1
Psy,156,z13mtrjqsqzliho5w04cex3zmoqfvnpgyys0k,FatPocketsTv,2014-11-06T09:49:14,"Search ""Chubbz Dinero - Ready Or Not "" Thanks Ôªø",1
Psy,157,z12lg1vizrmsgxm3q23oij4aqrjxjdd1p,Holly,2014-11-06T13:41:30,Follow me on Twitter @mscalifornia95Ôªø,1
Psy,158,z13zhhualofpyz22z22pydei0oeyt5abc04,unknown,2014-11-06T14:50:18,üò´üòìüòèüò™üòîüòñüòåüò≠üòéüòöüòòüòôüòóüòãüòùüòúüòõüòçüòíüòûüò∑üò∂üòµüò≥üò≤üò±üòüüò∞üò©üò®üòßüò¶üò•üò§üò£üòÆüò¥üò¢üò°üò†üò¨üòïüòëüòêüòØüòâüòàüòáüòÜüòÖüòÑüòÉüòÇüòÅüòÄüòä‚ò∫  every single types of face on earthÔªø,0
Psy,159,z12sil2ziqneyjxpx04cehcgcsmmcr1a3ew,"thevlogmasters Vlog, Challenges en nog veel meer!",2014-11-06T15:28:54,‚ñ¨‚ñ¨‚ñ¨‚ñ¨‚ñ¨‚ñ¨‚ñ¨‚ñ¨‚ñ¨‚ñ¨‡Æú€©€û€©‡Æú‚ñ¨‚ñ¨‚ñ¨‚ñ¨‚ñ¨‚ñ¨‚ñ¨‚ñ¨ Ôº§Ôº°Ôº≠ÔºÆ Ôº¥Ôº®Ôº©Ôº≥ Ôº£ÔºØÔº≠Ôº≠Ôº•ÔºÆÔº¥ Ôº©Ôº≥ Ôº¶Ôº°ÔºÆÔº£Y ‚ñ¨‚ñ¨‚ñ¨‚ñ¨‚ñ¨‚ñ¨‚ñ¨‚ñ¨‚ñ¨‚ñ¨‡Æú€©€û€©‡Æú‚ñ¨‚ñ¨‚ñ¨‚ñ¨‚ñ¨‚ñ¨‚ñ¨‚ñ¨Ôªø,0
Psy,160,z12scr5ixnexwh2xa04civ3o3k25dr3wkfw,Freddie Barton,2014-11-06T15:31:35,CHECK MY CHANNEL FOR MY NEW SONG 'STATIC'!! YOU'LL LOVE IT!!Ôªø,1
Psy,161,z13actcqdm31slqqu04cctub4n2nw1swwy00k,Sean Ortiz,2014-11-06T16:48:02,Incmedia.org where the truth meets you.Ôªø,1
Psy,162,z13dvrmxorf0cnj0423rsfcjlxevgjwll,ZodexHD,2014-11-06T17:50:59,look at my channel i make minecraft pe lets play Ôªø,1
Psy,163,z12oep2i2ybiyn0sy23tc1uptrmkhxbse,Andr3wco7,2014-11-06T17:59:30,I found out this song nowÔªø,0
Psy,164,z13huxgx5rikd13v422khjnjusyvzxx4c04,michelle clough,2014-11-06T18:00:04,2 BILLION!!!Ôªø,0
Psy,165,z12qzzbpbzn4c5zwu04cir5gmzfozhy4cjk,lebanonwarior1,2014-11-06T18:07:21,Song name??Ôªø,0
Psy,166,z13mebgjooulgzdkt23kzvlqjyrzx32n0,amine moha,2014-11-06T18:11:37,please like : http://www.bubblews.com/news/9277547-peace-and-brotherhoodÔªø,1
Psy,167,z12tzt2pluixhpbs4221xveiiqafd3epw04,PacKmaN,2014-11-06T18:23:21,hey again if you guys wouldnt mind chacking out my rap give it like and il  giver 3 of your vids a likeÔªø,1
Psy,168,z13udh04hqjeyney404cgloh0vbegbmgvq40k,fad lad,2014-11-06T18:24:19,http://www.amazon.co.uk/gp/offer-listing/B00ECVF93G/sr=8-2/qid=1415297812/ref=olp_tab_refurbished?ie=UTF8&amp;condition=refurbished&amp;qid=1415297812&amp;sr=8-2 Ôªø,1
Psy,169,z13dtz1zzkagdromt230g5cqfsejstr3p,Digital Media Butterfly,2014-11-06T18:55:14,"The most watched video on YouTube is Psy‚Äôs ‚ÄúGangnam Style‚Äù, with 2.1  billion views. PSY - GANGNAM STYLE (Í∞ïÎÇ®Ïä§ÌÉÄÏùº) M/VÔªø",0
Psy,170,z12ox3a5vviky5ctq22nz1ewpo24wxyis04,JackTheLad,2014-11-06T19:00:11,Subscribe to me and I'll subscribe back!!!Ôªø,1
Psy,171,z13zy52aayqxsx5nr23curipvrretdy35,JoelR Ch,2014-11-06T19:28:25,http://flipagram.com/f/LUkA1QMrhFÔªø,1
Psy,172,z12sitjpgyy3f5j2322iy1figqa4vnyja04,OverSpace33,2014-11-06T19:40:59,For Christmas Song visit my channel! ;)Ôªø,1
Psy,173,z12nejhigtr0tdvy504cgfcrhzvycxzin0k,Detroit Red Wings,2014-11-06T20:55:09,http://www.gofundme.com/gvr7xgÔªø,1
Psy,174,z13chfswltzzyhys1234dvkb3r2ien0ld,DirtySouthFlorida3,2014-11-06T22:00:58,Subscribe to me i subscribe back!!!! Plus i have a nice ass lolÔªø,1
Psy,175,z12tul0onm20hffur22qxhs5mvijddfj404,David Boƒçek,2014-11-06T22:40:49,https://www.change.org/p/facebook-twitter-youtube-do-not-censor-julien-blanc Ôªø,1
Psy,176,z121hjrymmf2jh4rf04cjrybiyfotjmof1g,Jackal James,2014-11-06T22:53:08,https://soundcloud.com/jackal-and-james/wrap-up-the-nightÔªø,1
Psy,177,z120wncjevujt1aju04cff4b1yfcvhrbpis,Goran Theboss,2014-11-06T23:16:52,https://www.surveymonkey.com/s/CVHMKLTÔªø,1
Psy,178,z124y1czouyechz4j04citox1mn1wz5pmos0k,YoungBrothersRecords,2014-11-06T23:22:32,Please give us a chance and check out the new music video on our channel!  You won't be disappointed.Ôªø,1
Psy,179,z12yu11xyumitzpho04cix1y3zn3ijrpcm40k,Chinsoman Films,2014-11-07T01:22:02,Please subscribe to meÔªø,1
Psy,180,z13hfnup3tmvxhqfx22yvx4qnwj2gjj2a,Moymoy Palaboy,2014-11-07T01:24:27,"This is the best, funny and viral video of history (youtube) THE TRUEÔªø",0
Psy,181,z13neh044nq2wn0o404citkh2taufzqxuz40k,Mason Sieverding,2014-11-07T01:50:10,Please check out my vidiosÔªø,1
Psy,182,z12uwhfpwnfrepmhg04ccx2ioxqzip4o0xw0k,VIP 2NEXO,2014-11-07T02:02:02,OPPA GANGNAM STYLE!!!Ôªø,0
Psy,183,z12kttwqvzi4fd0ei23rdp4xjt2ef5hbk04,Gaming 101,2014-11-07T04:13:47,"The funny thing is, 1,700,000,000 of the views are spam bots. I mean c'mon  2 BILLION views? BS!Ôªø",0
Psy,184,z131xnjjtqeyh5dy304cfhm50vagttfyemg0k,Chack Jason,2014-11-07T04:39:08,OPPA &lt;3Ôªø,0
Psy,185,z122dfb5htjxgpbot04cdj1aikatybbjsb0,Kitts Hausman,2014-11-07T04:48:01,It's so funny it's awesomeness lol aaaaaaa sexy ladaüòÇÔªø,0
Psy,186,z133xzqp3ubgyf2ko22osxkrfzvbd5b2y,TheInfectedDoge Gameplay,2014-11-07T05:04:28,most viewed video in the worldÔªø,0
Psy,187,z122srjbvovwzxg0522yd1i4ty3kznxqs04,Warrdrew,2014-11-07T07:46:57,I'm here to check the views.. holy shitÔªø,0
Psy,188,z13lezboqn35jtqlm23mcpgp3tjbghmvk,Parssa Alimadad,2014-11-07T07:54:13,"Dear person reading this, You are beautiful and loving Have a great dayÔªø",0
Psy,189,z132yfjb1q2aupnvp224it3zdlfgebvxy04,Adrian Skalak,2014-11-07T08:19:37,http://www.ermail.pl/dolacz/V3VeYGIN CLICK  http://www.ermail.pl/dolacz/V3VeYGIN  http://www.ermail.pl/dolacz/V3VeYGIN  http://www.ermail.pl/dolacz/V3VeYGIN  http://www.ermail.pl/dolacz/V3VeYGIN  http://www.ermail.pl/dolacz/V3VeYGIN  http://www.ermail.pl/dolacz/V3VeYGINÔªø,1
Psy,190,z12av324qzztf5tan04ci1kycxbnf3u4f4g,BeatBoxBaaa,2014-11-07T09:04:08,Have you tried a new social network TSU? This new social network has a  special thing.You can share the posts as well as on fb and twitter and even  to'll get paid You can registr here:  https://www.tsu.co/WORLDWIDE_LIFEÔªø,1
Psy,191,z12aillowmuftn5l022cv3hwbofjctgch,Cool Ong,2014-11-07T09:55:39,The Guy in the yellow suit kinda looks like Jae-suk Ôªø,0
Psy,192,z13xtdlovm2hzl05d04ccz1pnvqtezdriqc0k,Uro≈° Slemenjak,2014-11-07T12:08:13,"People, here is a new network like FB...you register also free, the  difference is only that you get paid for sharing, commenting and liking  posts and so one...don't waste your time on fb for sharing and not being  paid!! Register here to make also money with your everyday posts!!  https://www.tsu.co/slema13 Wellcome to everyone! ;)Ôªø",1
Psy,193,z130xbcwfnj5vlskv23airsxqqfqvhl5504,Adam Mudd,2014-11-07T12:16:08,How are there 2 billion views and theres only 2 million people in the  world!?!?!?!! MULTIPLE ACCOUNTS!!!1111Ôªø,0
Psy,194,z12kix1zlmz3fhmhf04cipe5qpvsxrezbpg0k,Cromwell John Pascual,2014-11-07T12:51:06,WAT DA FUCK THIS THE MOST VIEWED VIDEO IN YOUTUBE!Ôªø,0
Psy,195,z12mx3zj3pqigd3nb23xtpzwnriczf0zo04,Starfire003,2014-11-07T12:58:57,OMG 2/7 People watched this video because there are 7 billion people in the  world and 2 billion watched thisÔªø,0
Psy,196,z12afdtaypuat3t5s04ccv4g4xe1elvbcdw,Lindsay Wofford,2014-11-07T13:12:45,What is he saying?!?!?!?!?!?!?!?$? Ôªø,0
Psy,197,z123gh5o1pibgntf222einrisrfasnha104,Romeo Sweeney,2014-11-07T13:33:12,this has so many viewsÔªø,0
Psy,198,z13xgr1w3oeycnszq04cihybwtimi3vqc40,Thanh Phong,2014-11-07T13:48:31,OMG over 2 billion views!Ôªø,0
